Model,Accuracy,Precision (Weighted),Recall (Weighted),F1-Weighted,F1-Macro,ROC-AUC (OvR Weighted)
Logistic Regression,0.678,0.6803043324162872,0.678,0.6790316627320199,0.6812966703142992,0.8508741977972523
Random Forest,0.6404,0.6415214455319436,0.6404,0.6409392361988951,0.6433002201352336,0.8154015932792043
XGBoost,0.656,0.6567099169720894,0.656,0.6562939029770021,0.6587250503409956,0.8341940438996748
