{
    "Logistic Regression": {
        "Accuracy": 0.8918918918918919,
        "Precision": 1.0,
        "Recall": 0.8666666666666667,
        "F1 Score": 0.9285714285714286,
        "ROC-AUC": 1.0,
        "Confusion Matrix": [
            [
                1.0,
                0.0
            ],
            [
                0.13333333333333333,
                0.8666666666666667
            ]
        ]
    },
    "Random Forest": {
        "Accuracy": 0.972972972972973,
        "Precision": 0.967741935483871,
        "Recall": 1.0,
        "F1 Score": 0.9836065573770492,
        "ROC-AUC": 1.0,
        "Confusion Matrix": [
            [
                0.8571428571428571,
                0.14285714285714285
            ],
            [
                0.0,
                1.0
            ]
        ]
    },
    "XGBoost": {
        "Accuracy": 0.972972972972973,
        "Precision": 0.967741935483871,
        "Recall": 1.0,
        "F1 Score": 0.9836065573770492,
        "ROC-AUC": 0.9904761904761904,
        "Confusion Matrix": [
            [
                0.8571428571428571,
                0.14285714285714285
            ],
            [
                0.0,
                1.0
            ]
        ]
    },
    "LightGBM": {
        "Accuracy": 0.972972972972973,
        "Precision": 0.967741935483871,
        "Recall": 1.0,
        "F1 Score": 0.9836065573770492,
        "ROC-AUC": 0.9857142857142858,
        "Confusion Matrix": [
            [
                0.8571428571428571,
                0.14285714285714285
            ],
            [
                0.0,
                1.0
            ]
        ]
    },
    "MLP (Neural Network)": {
        "Accuracy": 0.972972972972973,
        "Precision": 0.967741935483871,
        "Recall": 1.0,
        "F1 Score": 0.9836065573770492,
        "ROC-AUC": 0.9952380952380953,
        "Confusion Matrix": [
            [
                0.8571428571428571,
                0.14285714285714285
            ],
            [
                0.0,
                1.0
            ]
        ]
    }
}